Workbook

Sheet Instrucciones
A1: CÓMO USAR EL REGISTRO DE MULTAS
A3: 1. Cada acta va en una fila nueva de la hoja 'Registro de Multas' (hay 500 filas preparadas).
A4: 2. Columnas AZUL CLARO (A–I) → las completa la GUARDIA: fecha, hora, vigilador, lote, infractor, vínculo, tipo y situación observada.
A5: 3. Columnas AMARILLAS (J–R) → las completa la ADMINISTRACIÓN: descargo enviado y fecha, respuesta del propietario, multa aplicada y fecha, valor, pago y observaciones.
A6: 4. Columnas VERDES (N° Acta, Estado del caso, Días desde el hecho) se calculan solas. No escribir en ellas.
A7: 5. Fechas en formato dd/mm/aaaa; hora en formato hh:mm (ej. 12:49).
A8: 6. Las listas desplegables (vigiladores, tipos de infracción, etc.) se editan en la hoja 'Listas'. Reemplazá 'Vigilador 1, 2, 3' por los nombres reales.
A9: 7. Flujo del caso: Pendiente enviar descargo → Esperando respuesta → Descargo respondido → Multa aplicada → Cerrado (cobrada o desestimada).
A10: 8. La hoja 'Resumen' muestra totales y permite consultar un lote puntual (celda amarilla E2).
A11: 9. La fila 4 es un EJEMPLO cargado con el acta del 13/10/2026 (lote 92). Completá el vigilador o borrala si no corresponde.
A13: PASAR A GOOGLE DRIVE (Google Sheets)
A14: a) Subí este archivo a Google Drive → clic derecho → Abrir con → Hojas de cálculo de Google → Archivo → Guardar como Hojas de cálculo de Google.
... A16: c) Recomendado: Datos → Proteger hojas y rangos → proteger columnas J–T para que solo la administración pueda editarlas.

Sheet Registro de Multas
A1: REGISTRO DE ACTAS Y MULTAS — PROPIETARIOS
A2: CARGA GUARDIA / VIGILANCIA | J2: CARGA ADMINISTRACIÓN | S2: AUTOMÁTICO (no editar)
A3: N° Acta | B3: Fecha del hecho | C3: Hora | D3: Vigilador | E3: Lote N° | F3: Nombre del infractor | G3: Vínculo con el lote | H3: Tipo de infracción | I3: Situación observada (descripción del hecho) | J3: Descargo enviado | K3: Fecha envío descargo | L3: Fecha respuesta del propietario | M3: Multa aplicada | N3: Fecha aplicación multa | O3: Valor multa ($) | P3: Pago | Q3: Fecha de pago | R3: Observaciones administración | S3: Estado del caso | T3: Días desde el hecho
A4: =IF(B4="","",ROW()-3) -> 1 | B4: 46308 | C4: 0.53402778 | D4: A completar | E4: 92 | F4: TAGLIANI MATIAS EZEQUIEL | G4: Familiar de propietario | H4: Uso indebido de carril + maltrato + exceso de velocidad | I4: En el día de la fecha 13/10/2026 siendo las 12:49 hs se hace presente en guardia por el sector de salidas de propietarios el señor TAGLIANI MATIAS EZEQUIEL, hijo de propietario de lote 92 queriendo salir por ese carril cuando no cuenta con facial, se le pide amablemente que debe salir por el lado de visitas, el mismo se niega y habla de mala manera al personal gritando que no va a salir por visitas y acelerando el vehículo excediendo la velocidad. | M4: Pendiente | S4: =IF(B4="","",IF(M4="Desestimada","Cerrado - desestimada",IF(AND(M4="Aplicada",OR(P4="Pagada",P4="Incluida en expensas")),"Cerrado - multa cobrada",IF(M4="Aplicada","Multa aplicada - impaga",IF(L4<>"","Descargo respondido - a resolver",IF(J4="Sí","Esperando respuesta descargo","Pendiente enviar descargo")))))) -> Pendiente enviar descargo | T4: =IF(B4="","",TODAY()-B4) -> 1
A5: =IF(B5="","",ROW()-3) | S5: =IF(B5="","",IF(M5="Desestimada","Cerrado - desestimada",IF(AND(M5="Aplicada",OR(P5="Pagada",P5="Incluida en expensas")),"Cerrado - multa cobrada",IF(M5="Aplicada","Multa aplicada - impaga",IF(L5<>"","Descargo respondido - a resolver",IF(J5="Sí","Esperando respuesta descargo","Pendiente enviar descargo")))))) | T5: =IF(B5="","",TODAY()-B5)
A6: =IF(B6="","",ROW()-3) | S6: =IF(B6="","",IF(M6="Desestimada","Cerrado - desestimada",IF(AND(M6="Aplicada",OR(P6="Pagada",P6="Incluida en expensas")),"Cerrado - multa cobrada",IF(M6="Aplicada","Multa aplicada - impaga",IF(L6<>"","Descargo respondido - a resolver",IF(J6="Sí","Esperando respuesta descargo","Pendiente enviar descargo")))))) | T6: =IF(B6="","",TODAY()-B6)
A7: =IF(B7="","",ROW()-3) | S7: =IF(B7="","",IF(M7="Desestimada","Cerrado - desestimada",IF(AND(M7="Aplicada",OR(P7="Pagada",P7="Incluida en expensas")),"Cerrado - multa cobrada",IF(M7="Aplicada","Multa aplicada - impaga",IF(L7<>"","Descargo respondido - a resolver",IF(J7="Sí","Esperando respuesta descargo","Pendiente enviar descargo")))))) | T7: =IF(B7="","",TODAY()-B7)
A8: =IF(B8="","",ROW()-3) | S8: =IF(B8="","",IF(M8="Desestimada","Cerrado - desestimada",IF(AND(M8="Aplicada",OR(P8="Pagada",P8="Incluida en expensas")),"Cerrado - multa cobrada",IF(M8="Aplicada","Multa aplicada - impaga",IF(L8<>"","Descargo respondido - a resolver",IF(J8="Sí","Esperando respuesta descargo","Pendiente enviar descargo")))))) | T8: =IF(B8="","",TODAY()-B8)
A9: =IF(B9="","",ROW()-3) | S9: =IF(B9="","",IF(M9="Desestimada","Cerrado - desestimada",IF(AND(M9="Aplicada",OR(P9="Pagada",P9="Incluida en expensas")),"Cerrado - multa cobrada",IF(M9="Aplicada","Multa aplicada - impaga",IF(L9<>"","Descargo respondido - a resolver",IF(J9="Sí","Esperando respuesta descargo","Pendiente enviar descargo")))))) | T9: =IF(B9="","",TODAY()-B9)
A10: =IF(B10="","",ROW()-3) | S10: =IF(B10="","",IF(M10="Desestimada","Cerrado - desestimada",IF(AND(M10="Aplicada",OR(P10="Pagada",P10="Incluida en expensas")),"Cerrado - multa cobrada",IF(M10="Aplicada","Multa aplicada - impaga",IF(L10<>"","Descargo respondido - a resolver",IF(J10="Sí","Esperando respuesta descargo","Pendiente enviar descargo")))))) | T10: =IF(B10="","",TODAY()-B10)
A11: =IF(B11="","",ROW()-3) | S11: =IF(B11="","",IF(M11="Desestimada","Cerrado - desestimada",IF(AND(M11="Aplicada",OR(P11="Pagada",P11="Incluida en expensas")),"Cerrado - multa cobrada",IF(M11="Aplicada","Multa aplicada - impaga",IF(L11<>"","Descargo respondido - a resolver",IF(J11="Sí","Esperando respuesta descargo","Pendiente enviar descargo")))))) | T11: =IF(B11="","",TODAY()-B11)
A12: =IF(B12="","",ROW()-3) | S12: =IF(B12="","",IF(M12="Desestimada","Cerrado - desestimada",IF(AND(M12="Aplicada",OR(P12="Pagada",P12="Incluida en expensas")),"Cerrado - multa cobrada",IF(M12="Aplicada","Multa aplicada - impaga",IF(L12<>"","Descargo respondido - a resolver",IF(J12="Sí","Esperando respuesta descargo","Pendiente enviar descargo")))))) | T12: =IF(B12="","",TODAY()-B12)
A13: =IF(B13="","",ROW()-3) | S13: =IF(B13="","",IF(M13="Desestimada","Cerrado - desestimada",IF(AND(M13="Aplicada",OR(P13="Pagada",P13="Incluida en expensas")),"Cerrado - multa cobrada",IF(M13="Aplicada","Multa aplicada - impaga",IF(L13<>"","Descargo respondido - a resolver",IF(J13="Sí","Esperando respuesta descargo","Pendiente enviar descargo")))))) | T13: =IF(B13="","",TODAY()-B13)
A14: =IF(B14="","",ROW()-3) | S14: =IF(B14="","",IF(M14="Desestimada","Cerrado - desestimada",IF(AND(M14="Aplicada",OR(P14="Pagada",P14="Incluida en expensas")),"Cerrado - multa cobrada",IF(M14="Aplicada","Multa aplicada - impaga",IF(L14<>"","Descargo respondido - a resolver",IF(J14="Sí","Esperando respuesta descargo","Pendiente enviar descargo")))))) | T14: =IF(B14="","",TODAY()-B14)
A15: =IF(B15="","",ROW()-3) | S15: =IF(B15="","",IF(M15="Desestimada","Cerrado - desestimada",IF(AND(M15="Aplicada",OR(P15="Pagada",P15="Incluida en expensas")),"Cerrado - multa cobrada",IF(M15="Aplicada","Multa aplicada - impaga",IF(L15<>"","Descargo respondido - a resolver",IF(J15="Sí","Esperando respuesta descargo","Pendiente enviar descargo")))))) | T15: =IF(B15="","",TODAY()-B15)
A16: =IF(B16="","",ROW()-3) | S16: =IF(B16="","",IF(M16="Desestimada","Cerrado - desestimada",IF(AND(M16="Aplicada",OR(P16="Pagada",P16="Incluida en expensas")),"Cerrado - multa cobrada",IF(M16="Aplicada","Multa aplicada - impaga",IF(L16<>"","Descargo respondido - a resolver",IF(J16="Sí","Esperando respuesta descargo","Pendiente enviar descargo")))))) | T16: =IF(B16="","",TODAY()-B16)
... A503: =IF(B503="","",ROW()-3) | S503: =IF(B503="","",IF(M503="Desestimada","Cerrado - desestimada",IF(AND(M503="Aplicada",OR(P503="Pagada",P503="Incluida en expensas")),"Cerrado - multa cobrada",IF(M503="Aplicada","Multa aplicada - impaga",IF(L503<>"","Descargo respondido - a resolver",IF(J503="Sí","Esperando respuesta descargo","Pendiente enviar descargo")))))) | T503: =IF(B503="","",TODAY()-B503)

Sheet Resumen
A1: RESUMEN DE MULTAS
A2: Indicador | B2: Valor | D2: Consulta por lote | E2: 92
A3: Total de actas registradas | B3: =COUNT('Registro de Multas'!$B$4:$B$503) -> 1 | D3: Actas del lote | E3: =COUNTIF('Registro de Multas'!$E$4:$E$503,$E$2) -> 1
A4: Pendientes de enviar descargo | B4: =COUNTIF('Registro de Multas'!$S$4:$S$503,"Pendiente enviar descargo") -> 1 | D4: Multas aplicadas al lote | E4: =COUNTIFS('Registro de Multas'!$E$4:$E$503,$E$2,'Registro de Multas'!$M$4:$M$503,"Aplicada") -> 0
A5: Esperando respuesta de descargo | B5: =COUNTIF('Registro de Multas'!$S$4:$S$503,"Esperando respuesta descargo") -> 0 | D5: Monto multas aplicadas ($) | E5: =SUMIFS('Registro de Multas'!$O$4:$O$503,'Registro de Multas'!$E$4:$E$503,$E$2,'Registro de Multas'!$M$4:$M$503,"Aplicada") -> 0
A6: Descargo respondido - a resolver | B6: =COUNTIF('Registro de Multas'!$S$4:$S$503,"Descargo respondido - a resolver") -> 0 | D6: Monto impago ($) | E6: =SUMIFS('Registro de Multas'!$O$4:$O$503,'Registro de Multas'!$E$4:$E$503,$E$2,'Registro de Multas'!$M$4:$M$503,"Aplicada",'Registro de Multas'!$P$4:$P$503,"Pendiente")+SUMIFS('Registro de Multas'!$O$4:$O$503,'Registro de Multas'!$E$4:$E$503,$E$2,'Registro de Multas'!$M$4:$M$503,"Aplicada",'Registro de Multas'!$P$4:$P$503,"") -> 0
A7: Multas aplicadas | B7: =COUNTIF('Registro de Multas'!$M$4:$M$503,"Aplicada") -> 0
A8: Multas desestimadas | B8: =COUNTIF('Registro de Multas'!$M$4:$M$503,"Desestimada") -> 0
A9: Monto total multas aplicadas ($) | B9: =SUMIF('Registro de Multas'!$M$4:$M$503,"Aplicada",'Registro de Multas'!$O$4:$O$503) -> 0
A10: Monto cobrado ($) | B10: =SUMIFS('Registro de Multas'!$O$4:$O$503,'Registro de Multas'!$M$4:$M$503,"Aplicada",'Registro de Multas'!$P$4:$P$503,"Pagada")+SUMIFS('Registro de Multas'!$O$4:$O$503,'Registro de Multas'!$M$4:$M$503,"Aplicada",'Registro de Multas'!$P$4:$P$503,"Incluida en expensas") -> 0
A11: Monto pendiente de cobro ($) | B11: =B9-B10 -> 0

Sheet Listas
A1: Listas desplegables — podés agregar o modificar valores debajo de cada título (hasta la fila 50).
A2: Vigiladores | B2: Vínculo con el lote | C2: Tipo de infracción | D2: Sí / No | E2: Estado multa | F2: Pago
A3: A completar | B3: Propietario | C3: Uso indebido de carril / acceso | D3: Sí | E3: Pendiente | F3: Pendiente
A4: Vigilador 1 | B4: Familiar de propietario | C4: Maltrato / agresión verbal al personal | D4: No | E4: En análisis | F4: Pagada
A5: Vigilador 2 | B5: Inquilino | C5: Exceso de velocidad | E5: Aplicada | F5: Incluida en expensas
A6: Vigilador 3 | B6: Visita | C6: Uso indebido de carril + maltrato + exceso de velocidad | E6: Desestimada
B7: Contratista / Obrero | C7: Ruidos molestos
B8: Personal doméstico | C8: Mascotas sueltas
C9: Ingreso no autorizado
C10: Obra fuera de horario
C11: Residuos / limpieza
C12: Otra (detallar)
